playcounts,name,actor
223.0万次播放 ,罗曼蒂克消亡史,"葛优,章子怡"
162.7万次播放 ,醒醒吧2,"姜寒,肖旭"
123.1万次播放 ,醒醒吧,"姜寒,鄂博"
109.5万次播放 ,隐瞒,"蕾切尔·敏纳,克里斯蒂安·凯恩"
93.6万次播放 ,追爱100天,"霍秋慧,徐大宁"
90.0万次播放 ,消失的女人,"王宇泽,孙瑜"
89.1万次播放 ,情圣,"肖央,闫妮"
74.6万次播放 ,醒醒吧3,"姜寒,肖旭"
69.2万次播放 ,魔法学院之见习女巫,"张纬驰,姚威"
65.1万次播放 ,"你好,疯子!","万茜,周一围"
61.5万次播放 ,机械师2:复活,"杰森·斯坦森,杰西卡·阿尔芭"
,凌辰看电影,
59.9万次播放 ,夜惑,"曹曹,赵心怡"
53.2万次播放 ,绝地逃亡,"成龙,约翰尼·诺克斯维尔"
48.9万次播放 ,精武门之逆天行者,"程志远,尹泽强"
42.1万次播放 ,铁道飞虎,"成龙,黄子韬"
42.0万次播放 ,龙之战,"杰森·贝尔,阿曼达·布鲁克斯"
40.3万次播放 ,极限特工,"范·迪塞尔,艾莎·阿基多"
36.7万次播放 ,金刚狼,"休·杰克曼,列维·施瑞博尔"
36.7万次播放 ,驴得水,"大力,任素汐"
,有部电影,
29.3万次播放 ,泡沫之夏,"罗仲谦,黄灿灿"
26.8万次播放 ,搜索,"高圆圆,王学圻"
24.6万次播放 ,极限特工2,"艾斯·库珀,威廉·达福"
23.4万次播放 ,做局,"李振宇,卜宇鑫"
22.1万次播放 ,三人行,"赵薇,古天乐"
21.1万次播放 ,西游记之孙悟空三打白骨精,"郭富城,巩俐"
19.3万次播放 ,湄公河行动,"张涵予,彭于晏"
18.9万次播放 ,魔弦传说,"阿特·帕金森,查理兹·塞隆"
17.9万次播放 ,反贪风暴2,"古天乐,张智霖"
17.6万次播放 ,鸭片,樊二狗
17.3万次播放 ,大鱼海棠,"季冠霖,苏尚卿"
17.0万次播放 ,从你的全世界路过,"邓超,白百何"
16.7万次播放 ,食物链,"Yoon Seol-hee,Kim Min-hyeok"
15.4万次播放 ,夏洛特烦恼,"沈腾,马丽"
15.0万次播放 ,潘金莲就是我,"王震森,杜亮"
14.5万次播放 ,猛鬼山坟,"李菁,沈威"
12.8万次播放 ,美人鱼,"邓超,罗志祥"
11.6万次播放 ,暗杀游戏,"瓦蒂姆·提萨拉提,维奥莱塔·吉特孟斯塔亚"
11.4万次播放 ,师父,"廖凡,宋佳"
11.0万次播放 ,盗墓迷情之千年王妃,"程媛媛,陈锦昀"
10.0万次播放 ,血战钢锯岭,"安德鲁·加菲尔德,萨姆·沃辛顿"
10.0万次播放 ,摆渡人,"梁朝伟,金城武"
9.8万次播放 ,我的特工爷爷,"洪金宝,刘德华"
9.5万次播放 ,澳门风云2,"周润发,张家辉"
9.4万次播放 ,绝地战警2,"马丁·劳伦斯,威尔·史密斯"
9.3万次播放 ,致青春:原来你还在这里,"吴亦凡,刘亦菲"
9.0万次播放 ,新英雄本色,"郑伊健,刘青云"
8.6万次播放 ,金刚狼2,"休·杰克曼,真田广之"
8.5万次播放 ,床上关系2,"廖凡,朱珠"
8.4万次播放 ,疯狂的赛车,"黄渤,吕孔维"
8.4万次播放 ,疯狂动物城,"金妮弗·古德温,杰森·贝特曼"
8.4万次播放 ,特殊身份,"甄子丹,景甜"
8.2万次播放 ,生死新纪元,"范·迪塞尔,杨紫琼"
,盘点控,
8.0万次播放 ,封神传奇,"李连杰,文章"
8.0万次播放 ,七月与安生,"周冬雨,马思纯"
7.9万次播放 ,终极斗士3:赎罪,"斯科特·阿金斯,马克·伊万尼尔"
7.8万次播放 ,嫌疑人,"孔刘,赵成夏"
7.5万次播放 ,勇闯夺命岛,"肖恩·康纳利,尼古拉斯·凯奇"
7.4万次播放 ,时间.猎杀者,"朱佳希,杨森"
7.2万次播放 ,叶问3,"甄子丹,张晋"
7.2万次播放 ,超级快递,"陈赫,宋智孝"
7.1万次播放 ,的士速递2,"萨米·纳塞利,佛瑞德瑞克·迪分索"
,星映话 2016,
7.1万次播放 ,在世界中心呼唤爱,"欧豪,张慧雯"
7.0万次播放 ,河东狮吼2,"张柏芝,小沈阳"
6.7万次播放 ,怒火攻心2:高压电,"杰森·斯坦森,艾米·斯马特"
6.7万次播放 ,狗眼看阴阳4涅槃重生,"虎虎,颜丹"
6.6万次播放 ,与恐龙同行,"约翰·雷吉扎莫,贾斯汀·朗"
6.5万次播放 ,极盗者,"埃德加·拉米雷兹,卢克·布雷西"
6.5万次播放 ,使徒行者,"张家辉,古天乐"
6.4万次播放 ,脑残粉,"沙鲁克·罕,Joelle Koissi"
6.3万次播放 ,金钱的味道,"金康宇,尹汝贞"
6.3万次播放 ,麻烦家族,"黄磊,李立群"
6.3万次播放 ,寻龙诀,"陈坤,黄渤"
6.2万次播放 ,圆梦巨人,"马克·里朗斯,鲁比·巴恩希尔"
6.2万次播放 ,夜关门:欲望之花,"裴涩琪,申星一"
6.2万次播放 ,黄飞鸿92之龙行天下,"李连杰,元华"
6.0万次播放 ,圣战士2,"科宾·艾瑞特,David Nibley"
5.9万次播放 ,奇幻森林,"尼尔·塞西,比尔·默瑞"
5.8万次播放 ,欲望保姆,"刘婕然,申鑫"
5.8万次播放 ,财神客栈,"张家辉,谢霆锋"
5.7万次播放 ,西游记之大圣归来,"张磊,林子杰"
5.7万次播放 ,智取威虎山,"张涵予,梁家辉"
5.7万次播放 ,的士速递3,"萨米·纳塞利,佛瑞德瑞克·迪分索"
5.6万次播放 ,海洋奇缘,"奥丽依·卡拉瓦霍,道恩·强森"
5.6万次播放 ,蜀山传,"郑伊健,张柏芝"
5.5万次播放 ,黑色图谋,"姚金桥,毕晓晨"
5.5万次播放 ,弯刀杀戮,"丹尼·特乔,米歇尔·罗德里格兹"
5.5万次播放 ,暗战2,"刘青云,郑伊健"
5.5万次播放 ,狼犬丹尼,"李连杰,摩根·弗里曼"
5.5万次播放 ,杀破狼2,"托尼·贾,吴京"
5.3万次播放 ,人间中毒,"宋承宪,林智妍"
5.2万次播放 ,何以笙箫默,"黄晓明,杨幂"
5.1万次播放 ,绝地战警,"威尔·史密斯,马丁·劳伦斯"
5.0万次播放 ,无法无天,"希安·拉博夫,汤姆·哈迪"
5.0万次播放 ,我的个神啊,"阿米尔·汗,安努舒卡·莎玛"
4.9万次播放 ,独立日大电影,"Fay Gauthier,Sal Landi"
4.9万次播放 ,女人不坏,"周迅,桂纶镁"
4.9万次播放 ,澳门风云3,"周润发,刘德华"
4.9万次播放 ,猪猪侠之终极决战,"陆双,祖晴"
4.9万次播放 ,爸爸的3次婚礼,"张亮,董洁"
4.9万次播放 ,生化危机5,"米拉·乔沃维奇,米歇尔·罗德里格兹"
4.9万次播放 ,小羊肖恩,"贾斯汀·弗莱彻,约翰·斯帕克斯"
4.8万次播放 ,大话西游之仙履奇缘,"周星驰,吴孟达"
4.8万次播放 ,出轨的女人,"叶璇,夏文汐"
4.7万次播放 ,谜城,"古天乐,余文乐"
4.7万次播放 ,我左眼见到鬼,"郑秀文,刘青云"
4.7万次播放 ,三少爷的剑,"林更新,江一燕"
4.7万次播放 ,寒战2,"郭富城,梁家辉"
4.7万次播放 ,X战警:逆转未来,"休·杰克曼,詹姆斯·麦卡沃伊"
4.6万次播放 ,功夫熊猫3,"杰克·布莱克,布莱恩·科兰斯顿"
4.5万次播放 ,坏姐姐之拆婚联盟,"陈意涵,池珍熙"
4.5万次播放 ,报告老板！,"白客,小爱"
4.5万次播放 ,老板的故事,"周润发,叶童"
4.5万次播放 ,一代宗师,"梁朝伟,章子怡"
4.4万次播放 ,新少林五祖,"李连杰,谢苗"
4.4万次播放 ,北京遇上西雅图之不二情书,"吴秀波,汤唯"
4.4万次播放 ,失落世界的统治者,"布鲁斯·巴克林纳,Jeff Denton"
4.4万次播放 ,合租男女,"唐以利,孙小曼"
4.4万次播放 ,白银帝国,"郭富城,张铁林"
4.3万次播放 ,僵尸至尊,"林正英,钱小豪"
4.2万次播放 ,万万没想到,"杨子姗,白客"
4.2万次播放 ,熊出没之奇幻空间,"尚雯婕,曾舜晞"
4.1万次播放 ,青蛇,"张曼玉,赵文卓"
4.1万次播放 ,我不是潘金莲,"范冰冰,郭涛"
4.1万次播放 ,少林英雄,"钱嘉乐,林正英"
4.1万次播放 ,捉妖记,"白百何,井柏然"
4.1万次播放 ,四大名捕,"邓超,刘亦菲"
4.0万次播放 ,特种部队2:全面反击,"D·J·科特罗纳,李秉宪"
4.0万次播放 ,火锅英雄,"陈坤,白百何"
3.9万次播放 ,绝色武器,"谢婷婷,安志杰"
3.9万次播放 ,奔跑吧兄弟,"杨颖,王宝强"
3.9万次播放 ,奇异博士,"本尼迪克特·康伯巴奇,切瓦特·埃加福特"
,这是什么鬼,
3.8万次播放 ,老炮儿,"冯小刚,张涵予"
3.8万次播放 ,恶棍天使,"邓超,孙俪"
3.7万次播放 ,重返20岁,"杨子姗,归亚蕾"
3.7万次播放 ,功夫瑜伽,"成龙,李治廷"
3.7万次播放 ,怦然星动,"杨幂,李易峰"
3.7万次播放 ,悟空传,"彭于晏,倪妮"
3.6万次播放 ,99次男,"邢城,宗一童"
3.6万次播放 ,黑猫警长之翡翠之星,"赵路,吴天昊"
3.6万次播放 ,巴啦啦小魔仙,"廖景萱,周利书"
3.6万次播放 ,假如爱有天意,"孙艺珍,曹承佑"
3.6万次播放 ,心花路放,"黄渤,徐峥"
3.6万次播放 ,三生三世十里桃花,"刘亦菲,杨洋"
3.6万次播放 ,新大头儿子和小头爸爸之秘密计划,"刘纯燕,董浩"
3.6万次播放 ,极度隐私,"徐浩然,梁婉琦"
,暴走看啥片儿 第三季,
3.6万次播放 ,勇敢的心,"梅尔·吉布森,苏菲·玛索"
3.6万次播放 ,寒战,"郭富城,梁家辉"
3.5万次播放 ,海绵宝宝,"安东尼奥·班德拉斯,汤姆·肯尼"
3.5万次播放 ,巨蟒大战恐鳄,"德博拉·吉布森,蒂芙尼"
3.5万次播放 ,古宅艳尸,"梁喆,杨惊羽"
3.4万次播放 ,古惑仔6之胜者为王,"郑伊健,陈小春"
3.4万次播放 ,曼哈顿夜曲,"阿德里安·布洛迪,伊冯娜·斯特拉霍夫斯基"
3.4万次播放 ,终结者2：审判日,"阿诺·施瓦辛格,琳达·汉密尔顿"
3.4万次播放 ,其实你不懂他的心,"本·阿弗莱克,詹妮弗·安妮斯顿"
3.4万次播放 ,危险关系,"章子怡,张东健"
3.4万次播放 ,突袭,"伊科·乌艾斯,乔·塔斯利姆"
3.3万次播放 ,生化危机4,"米拉·乔沃维奇,艾丽·拉特"
3.3万次播放 ,我妻子的一切,"林秀晶,柳承龙"
3.3万次播放 ,海岛之恋,"田亮,战菁一"
3.3万次播放 ,金刚狼3:殊死一战,"休·杰克曼,波伊德·霍布鲁克"
3.2万次播放 ,极限特工3,"妮娜·杜波夫,范·迪塞尔"
3.2万次播放 ,恶之花,"李宁,彭静"
3.2万次播放 ,蜂鸟特攻,"杰森·斯坦森,阿加塔·布泽克"
3.2万次播放 ,常夜灯,"吴昊泽,马昂"
3.2万次播放 ,28岁未成年,"倪妮,霍建华"
3.2万次播放 ,三个孬家伙,"刘桦,来喜"
3.1万次播放 ,怦然心动,"玛德琳·卡罗尔,卡兰·麦克奥利菲"
3.1万次播放 ,熊出没之熊心归来,"张秉君,谭笑"
3.1万次播放 ,唐人街探案,"王宝强,刘昊然"
3.1万次播放 ,少年,"欧豪,张译"
3.1万次播放 ,大卫贝肯之倒霉特工熊,"汤水雨,徐佳琪"
3.1万次播放 ,战狼,"吴京,余男"
3.0万次播放 ,天庭外传,"林志颖,释小龙"
3.0万次播放 ,旋风小子2:新乌龙院,"郝劭文,释小龙"
3.0万次播放 ,传奇之百人斩少女,"陈庆榆,柳智玉"
3.0万次播放 ,新大头儿子和小头爸爸2一日成才,"刘纯燕,鞠萍"
3.0万次播放 ,最后的巫师猎人,"范·迪塞尔,伊利亚·伍德"
3.0万次播放 ,少林足球,"周星驰,赵薇"
3.0万次播放 ,微微一笑很倾城,"杨颖,井柏然"
2.9万次播放 ,神探,"刘青云,安志杰"
2.9万次播放 ,龙之谷:破晓奇兵,"景甜,胡歌"
2.9万次播放 ,刺客信条,"迈克尔·法斯宾德,玛丽昂·歌迪亚"
2.9万次播放 ,大话西游之月光宝盒,"周星驰,莫文蔚"
2.9万次播放 ,暗战,"刘德华,刘青云"
2.9万次播放 ,江湖水,"洪浚嘉,袁百梓卉"
2.9万次播放 ,南北少林,"李连杰,胡坚强"
2.8万次播放 ,五亿探长雷洛传之雷老虎,"刘德华,张敏"
2.8万次播放 ,苹果,"文素利,金泰宇"
2.8万次播放 ,泡妞之王,"方子健,郑梦瑶"
2.8万次播放 ,毒.诫,"刘青云,林家栋"
2.8万次播放 ,精灵旅社2,"亚当·桑德勒,安迪·萨姆伯格"
2.8万次播放 ,报告老板！贺岁篇,"白客,刘循子墨"
2.8万次播放 ,珍珠港,"本·阿弗莱克,乔什·哈奈特"
2.8万次播放 ,狂蟒之灾4,"克莉丝朵·艾伦,林登·阿施拜"
2.8万次播放 ,超级特工,"文森·卡索,莫妮卡·贝鲁奇"
2.7万次播放 ,一念天堂,"沈腾,马丽"
2.7万次播放 ,报告老板第二季!,"刘循子墨,张本煜"
2.7万次播放 ,最美的时候遇见你,"谭松韵,罗云熙"
2.7万次播放 ,白色严冬,"弗罗里安·卢卡斯,拉克兰·尼布尔"
2.7万次播放 ,第一次,"赵又廷,杨颖"
2.6万次播放 ,考拉大冒险,"罗伯·施奈德,布雷特·麦肯齐"
2.6万次播放 ,我脑中的橡皮擦,"郑雨盛,孙艺珍"
2.6万次播放 ,大上海,"周润发,黄晓明"
2.6万次播放 ,港囧,"徐峥,赵薇"
2.6万次播放 ,天剑,"安娜·托芙,阿尔弗雷德·莫里纳"
2.6万次播放 ,巴黎危机,"伊德瑞斯·艾尔巴,理查德·麦登"
2.6万次播放 ,废柴特工,"杰西·艾森伯格,克里斯汀·斯图尔特"
2.6万次播放 ,西游记之大闹天宫,"甄子丹,周润发"
2.6万次播放 ,亡灵,"大卫·安德斯,克里斯·维尔德"
2.5万次播放 ,小明和他的小伙伴们,"乔杉,许君聪"
2.5万次播放 ,刺猬小子之天生我刺,"路知行,阎萌萌"
2.5万次播放 ,超能陆战队,"斯科特·埃德希特,瑞恩·波特"
2.5万次播放 ,山村老尸,"吴镇宇,黎姿"
2.5万次播放 ,生化危机3:灭绝,"米拉·乔沃维奇,奥德·菲尔"
2.5万次播放 ,白鹿原,"张丰毅,张雨绮"
2.5万次播放 ,我的电话情人,"金雅中,池晟"
2.5万次播放 ,独孤九剑,"李嘉欣,杨丽菁"
2.5万次播放 ,攻壳机动队,"斯嘉丽·约翰逊,皮鲁·埃斯贝克"
2.5万次播放 ,挑逗性游戏,"威廉·鲍德温,辛迪·克劳馥"
2.5万次播放 ,比利·林恩的中场战事,"乔·阿尔文,克里斯汀·斯图尔特"
2.5万次播放 ,海浪,"克里斯托弗·琼勒,安妮·达尔·托普"
2.5万次播放 ,醉后一夜,"张静初,余文乐"
2.5万次播放 ,X战警,"休·杰克曼,帕特里克·斯图尔特"
2.5万次播放 ,催乳大师,"孙昊,王蕴凡"
2.5万次播放 ,生化危机:终章,"露比·罗丝,米拉·乔沃维奇"
2.5万次播放 ,丧尸李志,"张炜迅,张晔子"
2.5万次播放 ,我是证人,"杨幂,鹿晗"
2.4万次播放 ,美国队长3,"克里斯·埃文斯,小罗伯特·唐尼"
2.4万次播放 ,陆垚知马俐,"包贝尔,宋佳"
2.4万次播放 ,危城,"刘青云,古天乐"
2.4万次播放 ,碟中谍5:神秘国度,"汤姆·克鲁斯,杰瑞米·雷纳"
2.4万次播放 ,道士出山,"彭禺厶,金梓壑"
2.4万次播放 ,知法犯法,"曾志伟,吴彦祖"
2.4万次播放 ,极限挑战,"黄渤,王迅"
2.4万次播放 ,地道战,"朱龙广,王炳彧"
2.3万次播放 ,美人鱼之海盗来袭,"郭亚维,申克"
2.3万次播放 ,谁的青春不迷茫,"白敬亭,郭姝彤"
2.3万次播放 ,海底总动员2:多莉去哪儿,"艾伦·德詹尼丝,艾伯特·布鲁克斯"
2.3万次播放 ,噬人鲨大战食人鳄,"贾里尔·怀特,加里·斯加奇"
2.3万次播放 ,地心历险记2,"道恩·强森,迈克尔·凯恩"
2.3万次播放 ,狂怒,"布拉德·皮特,希安·拉博夫"
2.3万次播放 ,百团大战,"陶泽如,刘之冰"
2.3万次播放 ,爱爱囧事,"赵奕欢,王一"
2.3万次播放 ,五朵金花,"杨丽坤,王苏娅"
2.3万次播放 ,我的少女时代,"宋芸桦,王大陆"
,全球院线前瞻,
2.2万次播放 ,钟馗伏魔:雪妖魔灵,"陈坤,李冰冰"
2.2万次播放 ,X战警2,"休·杰克曼,哈莉·贝瑞"
2.2万次播放 ,花街神女 91 香港版,"杨丽菁,黄加达"
2.2万次播放 ,人在囧途,"徐峥,王宝强"
2.2万次播放 ,一个人的武林,"甄子丹,王宝强"
2.2万次播放 ,黄飞鸿之英雄有梦,"洪金宝,彭于晏"
2.2万次播放 ,加勒比海盗3:世界的尽头,"约翰尼·德普,奥兰多·布鲁姆"
2.2万次播放 ,魔兽,"崔维斯·费米尔,宝拉·巴顿"
,欲,
2.2万次播放 ,美的统治,"Éric Bruneau,玛丽-乔西·克罗兹"
2.2万次播放 ,鲨滩,"布蕾克·莱弗利,奥斯卡·贾恩那达"
2.2万次播放 ,X战警:第一战,"詹姆斯·麦卡沃伊,迈克尔·法斯宾德"
2.2万次播放 ,煎饼侠,"大鹏,袁姗姗"
2.2万次播放 ,十万个冷笑话,"卢恒宇,皇贞季"
2.2万次播放 ,喜气洋洋小金莲,"陈南飞,隆妮"
2.1万次播放 ,狗眼看阴阳3,"虎虎,颜丹"
2.1万次播放 ,午夜微博,"邓紫衣,唐禹哲"
2.1万次播放 ,伦敦陷落,"杰拉德·巴特勒,阿伦·伊克哈特"
2.1万次播放 ,马达加斯加的企鹅,"汤姆·麦克格雷斯,克里斯·米勒"
2.1万次播放 ,危机13小时,"詹姆斯·贝吉·戴尔,约翰·卡拉辛斯基"
2.1万次播放 ,超凡战队,"达克雷·蒙特戈梅里,Naomi Scott"
2.1万次播放 ,窃听风云,"刘青云,古天乐"
2.1万次播放 ,永乐恩仇,"樊少皇,毛志强"
2.1万次播放 ,生化危机2:启示录,"米拉·乔沃维奇,西耶娜·盖尔利"
2.1万次播放 ,他是龙,"玛利亚·波兹哈娃,马特维·雷科夫"
,昆虫总动员,
2.0万次播放 ,清款人,"维尼·琼斯,Berik Aitzhanov"
2.0万次播放 ,阿凡达,"萨姆·沃辛顿,佐伊·索尔达娜"
2.0万次播放 ,女间谍,"梅丽莎·麦卡西,杰森·斯坦森"
2.0万次播放 ,有一个地方只有我们知道,"吴亦凡,王丽坤"
2.0万次播放 ,超级女特工,"苏菲·玛索,茱莉·德帕迪约"
2.0万次播放 ,万物生长,"范冰冰,韩庚"
2.0万次播放 ,秘岸,"莫文蔚,蒋雯丽"
2.0万次播放 ,嫌疑犯X的献身,"福山雅治,柴崎幸"
2.0万次播放 ,北京遇上西雅图,"汤唯,吴秀波"
,电影公嗨课,
2.0万次播放 ,血战台儿庄,"邵宏来,初国梁"
2.0万次播放 ,幸存者,"米拉·乔沃维奇,皮尔斯·布鲁斯南"
2.0万次播放 ,王朝的女人·杨贵妃,"范冰冰,黎明"
2.0万次播放 ,舞后,"严正花,黄政民"
2.0万次播放 ,鬼打鬼之黄金道士,"林正英,罗慧娟"
2.0万次播放 ,一路顺疯,"陈思诚,包贝尔"
2.0万次播放 ,分歧者2:绝地反击,"谢琳·伍德蕾,提奥·詹姆斯"
2.0万次播放 ,解救吾先生,"刘德华,刘烨"
2.0万次播放 ,那小子真帅,"宋承宪,郑多彬"
2.0万次播放 ,冬荫功,"托尼·贾,派特察泰·王卡姆劳"
2.0万次播放 ,隔壁惊魂,"李左飞,曹子辰"
2.0万次播放 ,寡妇,"邓菲儿,安亚龙"
2.0万次播放 ,疯花血月,"王君龄,计耀胜"
2.0万次播放 ,第四区,"奥利弗·古鲁内尔,Steven Dell"
2.0万次播放 ,暹罗烈士,"帕拉东·斯里查潘,Puri Hiranyapluek"
1.9万次播放 ,神笔马良,"邵亦琛,孟祥龙"
1.9万次播放 ,中国兵王,"胥明文,徐莹"
1.9万次播放 ,老男孩猛龙过江,"肖央,王太利"
1.9万次播放 ,X战警3:背水一战,"休·杰克曼,哈莉·贝瑞"
1.9万次播放 ,荒村凶间,"惠英红,蔡俊涛"
1.9万次播放 ,11.11,"李艾瑾,王皓"
1.9万次播放 ,非常父子档,"李治廷,金荷娜"
1.9万次播放 ,赛尔号大电影5:雷神崛起,"孙晔,蒋可"
1.9万次播放 ,倩女幽魂,"张国荣,王祖贤"
1.9万次播放 ,小门神,"高晓松,白客"
1.9万次播放 ,山河故人,"赵涛,张译"
1.9万次播放 ,守护者联盟,"克里斯·派恩,亚历克·鲍德温"
1.9万次播放 ,北京爱情故事,"陈思诚,佟丽娅"
1.9万次播放 ,美女与野兽,"蕾雅·赛杜,文森·卡索"
1.9万次播放 ,功夫,"周星驰,元秋"
1.8万次播放 ,热血青春,"朴宝英,李钟硕"
1.8万次播放 ,一步之遥,"姜文,葛优"
1.8万次播放 ,厨子戏子痞子,"刘烨,张涵予"
1.8万次播放 ,背水一战,"阿诺·施瓦辛格,福里斯特·惠特克"
1.8万次播放 ,十二生肖,"成龙,权相佑"
1.8万次播放 ,捕食者的崛起,"克里斯汀娜·安娜波,詹姆斯·C·伯恩斯"
1.8万次播放 ,夏有乔木 雅望天堂,"韩庚,吴亦凡"
1.8万次播放 ,王牌逗王牌,"刘德华,黄晓明"
1.8万次播放 ,再次出发之纽约遇见你,"凯拉·奈特莉,马克·鲁法洛"
1.8万次播放 ,百变星君,"周星驰,梁咏琪"
1.8万次播放 ,咱们结婚吧,"高圆圆,姜武"
1.8万次播放 ,诱祸,"张萍萍,周波"
1.8万次播放 ,芭比公主之美人鱼,"凯思林·巴尔,恰拉·赞尼"
1.8万次播放 ,铁血壮士,"甄子丹,原文庆"
1.8万次播放 ,倚天屠龙记之魔教教主,"李连杰,张敏"
1.8万次播放 ,通往仙境,"本·阿弗莱克,欧嘉·柯瑞兰寇"
1.8万次播放 ,喋血柔情,"高飞,杨盼盼"
1.7万次播放 ,秦时明月3D电影龙腾万里,"冯骏骅,季冠霖"
1.7万次播放 ,都嘟,马未都
1.7万次播放 ,狂鲨之灾,"提姆·阿贝尔,Jimmie Walker"
1.7万次播放 ,柏林,"河正宇,柳承范"
1.7万次播放 ,电影路透社,"董舒,李云波"
1.7万次播放 ,尖峰时刻,"成龙,克里斯·塔克"
1.7万次播放 ,惊天魔盗团,"杰西·艾森伯格,伍迪·哈里森"
1.7万次播放 ,就是闹着玩的,"李易祥,杨青倩"
1.7万次播放 ,后天,"丹尼斯·奎德,杰克·吉伦哈尔"
1.7万次播放 ,两小无猜,"吉约姆·卡内,玛丽昂·歌迪亚"
1.7万次播放 ,外星变异,"Michael Finn,Laura Gordon"
1.7万次播放 ,零下100度,"杰夫·法赫,莎拉·玛卢库·莱恩"
1.7万次播放 ,功夫熊猫2,"杰克·布莱克,安吉丽娜·朱莉"
1.7万次播放 ,亡命驾驶,"瑞恩·高斯林,凯瑞·穆里根"
1.6万次播放 ,鬼妈妈,"霍嘉丝·芝华顾,帕德容琶·砂楚"
1.6万次播放 ,义胆雄心,"刘德华,万梓良"
1.6万次播放 ,道士出山2,"彭禺厶,朱佳希"
1.6万次播放 ,唐伯虎点秋香,"周星驰,巩俐"
1.6万次播放 ,过年好,"赵本山,闫妮"
1.6万次播放 ,孤岛鲨魂,"杨茜·巴特勒,帕特里克·博金"
1.6万次播放 ,狼图腾,"冯绍峰,窦骁"
1.6万次播放 ,匹夫,"黄晓明,张译"
1.6万次播放 ,澳门风云,"周润发,谢霆锋"
1.6万次播放 ,夜店,"徐峥,李小璐"
1.6万次播放 ,冲天火,"吴彦祖,张若昀"
1.6万次播放 ,惊天破,"谢霆锋,刘青云"
1.6万次播放 ,卑贱,"李恩俊,朴宋英"
1.6万次播放 ,惊变28天,"希里安·墨菲,娜奥米·哈里斯"
1.6万次播放 ,致我们终将逝去的青春,"赵又廷,杨子姗"
1.6万次播放 ,保姆的私密日记,"张钧涵,朱富润"
,桃淘好莱坞,
1.6万次播放 ,不可思异,"王宝强,小沈阳"
1.6万次播放 ,超凡蜘蛛侠,"安德鲁·加菲尔德,艾玛·斯通"
1.6万次播放 ,第89届奥斯卡金像奖,吉米·坎摩尔
1.6万次播放 ,一夜疯狂,"秦彩瑶,童丹"
1.6万次播放 ,功夫熊猫,"杰克·布莱克,达斯汀·霍夫曼"
1.6万次播放 ,同窗生,"崔胜铉,赵成夏"
1.6万次播放 ,左耳,"陈都灵,欧豪"
1.6万次播放 ,实尾岛,"薛景求,安圣基"
1.6万次播放 ,鬼债,"尼古拉斯·凯奇,莎拉·韦恩·卡丽丝"
1.6万次播放 ,捉鬼伏魔,"王涛,龙杨杨"
1.6万次播放 ,重生·君颜,"陈斗淇,王浩宇"
1.5万次播放 ,北海巨妖,"维多利亚·普拉特,Charlie O'Connell"
1.5万次播放 ,大捷,"雷恪生,袁苑"
1.5万次播放 ,沼泽狂鲨,"克里斯托弗·贝瑞,马库斯·里尔·布朗"
1.5万次播放 ,大哥大,"万梓良,恬妞"
1.5万次播放 ,有种你爱我,"江一燕,郑恺"
1.5万次播放 ,半夜不要照镜子,"关智斌,李曼筠"
1.5万次播放 ,驳脚差佬,"冯淬帆,吕方"
1.5万次播放 ,赤裸惊魂,"乔·曼特纳,阿荣·希弗"
1.5万次播放 ,白雪公主之矮人力量,李旭乔
1.5万次播放 ,爱情无线牵,"娜塔莉·波特曼,艾什顿·库彻"
1.5万次播放 ,勇士,"乔尔·埃哲顿,汤姆·哈迪"
1.5万次播放 ,心迷宫,"霍卫民,王笑天"
1.5万次播放 ,我知女人心,"刘德华,巩俐"
1.5万次播放 ,我不做潘金莲,"马文慧,杜虔行"
1.5万次播放 ,加勒比海盗,"约翰尼·德普,杰弗里·拉什"
1.5万次播放 ,想爱就爱,"李缇娜,奥密兹·苏查拉特"
1.5万次播放 ,铠甲勇士之帝皇侠,"唐禹哲,袁成杰"
1.5万次播放 ,超凡蜘蛛侠2,"安德鲁·加菲尔德,艾玛·斯通"
1.5万次播放 ,海豹突击队VS丧尸,"爱德·奎恩,Chad Lail"
1.5万次播放 ,痞子英雄:黎明升起,"赵又廷,林更新"
1.5万次播放 ,被劫持的爱情,"陈姝,金为珩"
1.5万次播放 ,一条狗的使命,"布丽特妮·罗伯森,乔什·盖德"
1.5万次播放 ,猎鹰计划,"刘德华,钟楚红"
1.4万次播放 ,欲望北京之地上地下,"孙逢苑,张漫文"
1.4万次播放 ,老男孩,"崔岷植,刘智泰"
1.4万次播放 ,快手枪手快枪手,"林更新,张静初"
1.4万次播放 ,死不瞑目,"柯瑞·英格丽茜,斯科特·戴维斯"
1.4万次播放 ,复仇者联盟,"小罗伯特·唐尼,克里斯·埃文斯"
1.4万次播放 ,复仇者格林,"卡斯帕·凡·迪恩,卢·费里诺"
1.4万次播放 ,健男抢钱团,"马克·沃尔伯格,道恩·强森"
1.4万次播放 ,她,"杰昆·菲尼克斯,斯嘉丽·约翰逊"
1.4万次播放 ,神偷奶爸2,"史蒂夫·卡瑞尔,克里斯汀·韦格"
1.4万次播放 ,英雄儿女,"刘尚娴,刘世龙"
1.4万次播放 ,孔雀,"冯瓅,张静初"
1.4万次播放 ,为地球而战,"Ryan Agnew,Gin Fedotov"
1.4万次播放 ,丛林深处,"杰西达邦·福尔迪,普洛伊·金达科特"
1.4万次播放 ,西游伏妖篇,"吴亦凡,林更新"
1.4万次播放 ,枪王之王,"古天乐,吴彦祖"
1.4万次播放 ,傲慢与偏见之屠魔天团,"莉莉·詹姆斯,萨姆·赖利"
1.4万次播放 ,一代宗师3D版,"梁朝伟,章子怡"
1.4万次播放 ,秘密爱,"刘智泰,尹珍序"
1.4万次播放 ,阴阳先生,"彭禺厶,艾晓琪"
1.4万次播放 ,长城,"马特·达蒙,威廉·达福"
1.4万次播放 ,第三种爱情,"刘亦菲,宋承宪"
1.3万次播放 ,风流寡妇,"莫里斯·切瓦力亚,珍妮特·麦克唐纳"
,电影梦一场 第二季,
1.3万次播放 ,霹雳囧花,"周秀娜,余晓彤"
1.3万次播放 ,智齿,"金廷恩,李泰成"
1.3万次播放 ,天才眼镜狗,"泰·布利尔,麦克斯·查尔斯"
1.3万次播放 ,制服,"徐若瑄,袁弘"
1.3万次播放 ,大闹天竺,"王宝强,柳岩"
1.3万次播放 ,奔爱,"章子怡,彭于晏"
1.3万次播放 ,新少林寺,"刘德华,谢霆锋"
1.3万次播放 ,猫脸老太太,"王翀,田淼"
1.3万次播放 ,加勒比海盗4:惊涛怪浪,"约翰尼·德普,佩内洛普·克鲁兹"
1.3万次播放 ,金箍棒传奇2:沙僧的逆袭,"于立,吴天昊"
1.3万次播放 ,流感,"张赫,秀爱"
1.3万次播放 ,拯救大兵瑞恩,"汤姆·汉克斯,爱德华·伯恩斯"
1.3万次播放 ,新娘大作战,"倪妮,杨颖"
1.3万次播放 ,牧童投军,"杨森昌,高正"
1.3万次播放 ,三国之见龙卸甲,"刘德华,洪金宝"
1.3万次播放 ,复仇者联盟2:奥创纪元,"小罗伯特·唐尼,克里斯·海姆斯沃斯"
1.3万次播放 ,疯狂原始人,"尼古拉斯·凯奇,瑞安·雷诺兹"
1.3万次播放 ,谋杀安徒生之海的女儿,"邵峰,文熙"
1.3万次播放 ,警察故事3:超级警察,"成龙,杨紫琼"
1.3万次播放 ,赛车总动员2,"王牌接线员拉里,欧文·威尔逊"
1.3万次播放 ,天将雄师,"成龙,约翰·库萨克"
1.3万次播放 ,魁拔3战神崛起,"刘婧荦,姚姝"
1.3万次播放 ,饭局也疯狂,"刘桦,范伟"
1.3万次播放 ,穿越火线,"斯蒂芬·瓦诺雅,尤里·库琴科"
1.3万次播放 ,赌侠,"周星驰,刘德华"
1.3万次播放 ,僵尸未成年,"陈晓鸽,程倩倩"
1.3万次播放 ,金刚:骷髅岛,"汤姆·希德勒斯顿,托比·凯贝尔"
1.3万次播放 ,从天儿降,"陈学冬,姜雯"
1.3万次播放 ,房间,"布丽·拉尔森,雅各布·特瑞布雷"
1.3万次播放 ,龙拳小子,"刘芮麟,童菲"
1.3万次播放 ,蜡笔小新:梦境世界大突击,"矢岛晶子,楢桥美纪"
1.3万次播放 ,绝境逢生,"潘长江,魏宗万"
1.2万次播放 ,外星人,"Brittany Allen,弗雷迪·史卓玛"
1.2万次播放 ,将错就错,"小沈阳,田亮"
1.2万次播放 ,牧师的女儿,"安德莉·鲍恩,卢·坦普尔"
1.2万次播放 ,悬战,"焦恩俊,连凯"
1.2万次播放 ,极品伪娘,"郭晓小,孟晓艺"
1.2万次播放 ,极速蜗牛,"瑞安·雷诺兹,保罗·吉亚玛提"
1.2万次播放 ,史前一亿年,"克里斯多夫·亚金斯,格雷格·艾维甘"
1.2万次播放 ,功夫小蝇,"苏迪普,纳尼"
1.2万次播放 ,亚特兰蒂斯:末日,"Lani Minella,小艾萨克·C·辛格顿"
1.2万次播放 ,武林外传,"闫妮,姚晨"
1.2万次播放 ,举起手来2:追击阿多丸号,"潘长江,郭达"
1.2万次播放 ,上门服务,"汤厉昊,于海勇"
1.2万次播放 ,血战落魂桥,"何麟,洪祖根"
1.2万次播放 ,侠盗魅影,"佩内洛普·克鲁兹,萨尔玛·海耶克"
1.2万次播放 ,闺蜜,"陈意涵,薛凯琪"
1.2万次播放 ,杜拉拉升职记,"徐静蕾,莫文蔚"
1.2万次播放 ,痞子英雄之全面开战,"赵又廷,黄渤"
1.2万次播放 ,欢乐喜剧人,"郭德纲,岳云鹏"
1.2万次播放 ,五月的四天,"Pavel Wenzel,Ivan Shvedoff"
1.2万次播放 ,分手大师,"邓超,杨幂"
1.2万次播放 ,六指琴魔,"林青霞,刘嘉玲"
1.2万次播放 ,鬼同你玩,"张耀扬,黄卓玲"
1.2万次播放 ,兵临城下,"李默然,陈汝彬"
1.2万次播放 ,头七艳情,"李泰,孙菲菲"
1.2万次播放 ,大地飞鹰,"王冠雄,凌云"
1.2万次播放 ,肖申克的救赎,"蒂姆·罗宾斯,摩根·弗里曼"
1.2万次播放 ,猛龙特囧,"郑中基,胡耀辉"
1.2万次播放 ,不眠之夜,金洙贤
1.2万次播放 ,恶战,"伍允龙,安志杰"
1.2万次播放 ,神枪手,"任贤齐,黄晓明"
1.2万次播放 ,超体,"斯嘉丽·约翰逊,摩根·弗里曼"
1.2万次播放 ,情欲迷城,"苏德伦,夏念念"
1.2万次播放 ,我的新野蛮女友,"宋茜,车太贤"
1.2万次播放 ,细细的红线,"肖恩·潘,阿德里安·布洛迪"
1.1万次播放 ,发条城市,"王自健,王宁"
1.1万次播放 ,泰坦尼克号,"莱昂纳多·迪卡普里奥,凯特·温丝莱特"
1.1万次播放 ,神秘世界历险记,"刘校妤,孟泉霖"
1.1万次播放 ,同桌的妳,"周冬雨,林更新"
1.1万次播放 ,旋风小子,"林志颖,郝劭文"
1.1万次播放 ,神兽金刚之青龙再现,"黄健,李仲鑫"
1.1万次播放 ,"亲,别怕","任鹏,杜雨辰"
1.1万次播放 ,神偷艳贼,"科林·费斯,卡梅隆·迪亚茨"
1.1万次播放 ,古惑仔之九龙冰室,"郑伊健,莫文蔚"
1.1万次播放 ,蓝色骨头,"倪虹洁,赵有亮"
1.1万次播放 ,功夫熊猫之师傅的秘密,"杰克·布莱克,安吉丽娜·朱莉"
1.1万次播放 ,勇士之门,"赵又廷,倪妮"
1.1万次播放 ,杀手:代号47,"蒂莫西·奥利芬特,多格雷·斯科特"
1.1万次播放 ,神勇奶爸,"范·迪塞尔,劳伦·格拉汉姆"
1.1万次播放 ,魔胎,"李健仁,陈国权"
1.1万次播放 ,黑道兄弟,"赵舜,王志刚"
1.1万次播放 ,玩命速递:重启之战,"艾德·斯克林,雷·史蒂文森"
1.1万次播放 ,情圣,"周星驰,午马"
1.1万次播放 ,道士下山,"王宝强,郭富城"
1.1万次播放 ,加勒比海盗2:亡灵宝藏,"约翰尼·德普,奥兰多·布鲁姆"
1.1万次播放 ,三傻大闹宝莱坞,"阿米尔·汗,沙尔曼·乔什"
1.1万次播放 ,蚁人,"保罗·路德,伊万杰琳·莉莉"
1.1万次播放 ,卧虎藏龙,"周润发,杨紫琼"
1.1万次播放 ,爱情和香烟,"凯特·温丝莱特,詹姆斯·甘多菲尼"
1.1万次播放 ,父亲,"王太利,霍思燕"
1.1万次播放 ,终极硬汉,"陈天星,赵淼"
1.1万次播放 ,荒野猎人,"莱昂纳多·迪卡普里奥,汤姆·哈迪"
1.1万次播放 ,恐龙当家,"Raymond Ochoa,杰克·布赖特"
1.1万次播放 ,鬼打鬼,"洪金宝,钟发"
1.1万次播放 ,红高粱,"巩俐,姜文"
1.1万次播放 ,神奇队长,"维戈·莫特森,弗兰克·兰格拉"
1.1万次播放 ,刘三姐,"梁音,黄婉秋"
1.1万次播放 ,后会无期,"冯绍峰,陈柏霖"
1.1万次播放 ,暴力街区13,"塞瑞尔·拉菲利,大卫·贝尔"
1.1万次播放 ,食人虫,"夏梓桐,张梓琳"
1.1万次播放 ,墓穴迷城,"吕聿来,谢君豪"
1.1万次播放 ,拳皇,"李美琪,肖恩·法瑞斯"
1.1万次播放 ,钢铁骑士,"本·温切尔,玛丽亚·贝罗"
1.1万次播放 ,家园防线,"杰森·斯坦森,詹姆斯·弗兰科"
1.0万次播放 ,幻影车神:魔盗激情,"阿米尔·汗,卡特莉娜·卡芙"
1.0万次播放 ,暴力街区13:终极,"塞瑞尔·拉菲利,大卫·贝尔"
1.0万次播放 ,我们的幸福时光,"李娜英,姜栋元"
1.0万次播放 ,大内密探零零发,"周星驰,刘嘉玲"
1.0万次播放 ,偷情画室,"郑云姬,尹日峰"
1.0万次播放 ,陪安东尼度过漫长岁月,"刘畅,白百何"
1.0万次播放 ,微爱之渐入佳境,"杨颖,陈赫"
1.0万次播放 ,夺命双头鲨,"卡门·伊莱克特拉,布洛克·霍根"
1.0万次播放 ,原始部落,"艾米丽·佛科斯勒,瑞安·阿罗索"
1.0万次播放 ,宫锁沉香,"周冬雨,陈晓"
1.0万次播放 ,少庄主追爱记,"吴烨,刘浩闻"
,暴走看啥片儿 第二季,
1.0万次播放 ,哆啦A梦:伴我同行,"水田山葵,大原惠美"
1.0万次播放 ,魁拔2大战元泱界,"刘婧荦,刘校妤"
1.0万次播放 ,怒海狂鲨,"柯林·纳麦克,瓦妮萨·安吉尔"
1.0万次播放 ,小兔历险记,"Pelle Falk Krusbæk,图娃·诺沃妮"
"9,938次播放 ",可爱的你,"杨千嬅,古天乐"
"9,937次播放 ",独立日,"比尔·普尔曼,威尔·史密斯"
"9,906次播放 ",黑衣人3,"威尔·史密斯,汤米·李·琼斯"
"9,883次播放 ",黑海夺金,"裘德·洛,斯科特·麦克奈利"
"9,874次播放 ",不死族,"Emma Randall,Dirk Hunter"
"9,866次播放 ",寻仇阴阳界,"孙飞虎,郭景华"
"9,866次播放 ",嘻哈三部曲,"卢正雨,曹仁伟"
"9,855次播放 ",破坏者,"阿诺·施瓦辛格,萨姆·沃辛顿"
"9,854次播放 ",芳心别乡,"尼利·马考尔,凡妮莎·英康塔达"
"9,846次播放 ",夺路而逃,"张一山,朴河宣"
"9,800次播放 ",午夜43路,"张兆辉,李梓晨"
"9,763次播放 ",嗜血狂魔,"安德鲁·李·波兹,Claudia Bassols"
"9,739次播放 ",既然青春留不住,"张翰,陈乔恩"
"9,672次播放 ",马粥街残酷史,"权相佑,韩佳人"
"9,666次播放 ",浪漫天降,"夏雨,关晓彤"
"9,593次播放 ",中俄列车大劫案,"吕良伟,周弘"
"9,575次播放 ",重返灵界,"于歌,孙熙"
"9,567次播放 ",美国队长,"克里斯·埃文斯,汤米·李·琼斯"
"9,553次播放 ",诱狼,"巩峥,侯勇"
"9,529次播放 ",欲望歌手,"范子绮,王子恒"
"9,489次播放 ",魔发奇缘,"扎克瑞·莱维,曼迪·摩尔"
"9,476次播放 ",猛犸复活,"文森特·温特莱斯卡,莎莫·格劳"
"9,472次播放 ",小王子,"杰夫·布里吉斯,麦肯基·弗依"
"9,463次播放 ",鬼子来了,"姜文,香川照之"
"9,421次播放 ",百鸟朝凤,"李岷城,郑伟"
"9,405次播放 ",我的青春期,"包贝尔,孙怡"
"9,379次播放 ",英雄连,"汤姆·塞兹摩尔,Chad Michael Collins"
"9,369次播放 ",辛巴达七次历险,"帕特里克·茂顿,Sarah Desage"
"9,369次播放 ",神探驾到,"古天乐,曾志伟"
"9,289次播放 ",神探夏洛克,"本尼迪克特·康伯巴奇,马丁·弗瑞曼"
"9,285次播放 ",51号公式,"塞缪尔·杰克逊,艾米莉·莫迪默"
"9,280次播放 ",急速杀机,"安德鲁·凯加,娜塔莉·西格利尤缇"
"9,262次播放 ",打击侵略者,"胡晓光,张勇手"
"9,189次播放 ",终结游戏,"小库珀·古丁,詹姆斯·伍兹"
"9,183次播放 ",暗杀,"全智贤,李政宰"
"9,183次播放 ",谎言西西里,"李准基,周冬雨"
"9,156次播放 ",战狼特攻队,"A.J. Draven,斯蒂文·鲍尔"
"8,366次播放 ",九品芝麻官之白面包青天,"吴孟达,张敏"
"9,094次播放 ",林中小屋,"王宗尧,李昕岳"
"9,090次播放 ",芭比与胡桃钳的梦幻之旅,"Kirby Morrow,蒂姆·克里"
"9,074次播放 ",恋恋笔记本,"瑞恩·高斯林,瑞秋·麦克亚当斯"
"9,037次播放 ",黑色间谍,"康拉德·韦特,塞巴斯蒂安·肖"
"9,013次播放 ",一路向前,"陈赫,姚星彤"
"9,010次播放 ",妖医,"谭耀文,Poy"
"8,969次播放 ",我的蛇精女友,"岳辛,陈曦"
"8,943次播放 ",饭局女郎,"王明茗,张世玉"
"8,931次播放 ",东风雨,"柳云龙,范冰冰"
"8,920次播放 ",笔仙归来,"程爽,赵若辰"
"8,919次播放 ",怜悯,"李清美,郑民成"
"8,865次播放 ",炮灰,"边嘉威,王梓楠"
"8,845次播放 ",少林寺弟子,"丁岚,李冰"
"8,845次播放 ",喜羊羊与灰太狼之兔年顶呱呱,"祖晴,张琳"
"8,838次播放 ",育婴室,"朱一龙,皮查雅·瓦塔那蒙迪里"
"8,836次播放 ",双子神偷,"蔡卓妍,钟欣潼"
"8,826次播放 ",功夫熊猫:盖世五侠的秘密,"杰克·布莱克,达斯汀·霍夫曼"
"8,808次播放 ",超能太监,"高成龙,彭禺厶"
"8,767次播放 ",星际穿越,"马修·麦康纳,安妮·海瑟薇"
"8,739次播放 ",幸福爱相随,"Siraphan Wattanajinda,Ruengsak Laouchusak"
"8,733次播放 ",铁血娇娃,"余男,邹兆龙"
"8,732次播放 ",天魔异种,"兰斯·亨利克森,Camille Balsamo"
"8,721次播放 ",校花诡异事件,"赵奕欢,王一"
"8,711次播放 ",倩女幽魂3:道道道,"梁朝伟,王祖贤"
"8,706次播放 ",惊天绑架团,"吉姆·斯特吉斯,萨姆·沃辛顿"
"8,687次播放 ",渡江侦察记,"孙道临,齐衡"
"8,672次播放 ",东港谍影,"达式常,毛永明"
"8,666次播放 ",恐怖游泳馆,"张蓝艺,丁汇宇"
"8,656次播放 ",安乐战场,"曾志伟,温碧霞"
"8,648次播放 ",光的棍,"陈昊,徐洁儿"
"8,623次播放 ",赌侠2之上海滩赌圣,"周星驰,巩俐"
"8,597次播放 ",谍影特工,"皮尔斯·布鲁斯南,卢克·布雷西"
"8,584次播放 ",外公芳龄38,"佟大为,陈妍希"
"8,565次播放 ",不是冤家不上床,"艾斯黛拉·沃伦,克里斯蒂安·凯恩"
"8,461次播放 ",木星上行,"查宁·塔图姆,米拉·库妮丝"
"8,440次播放 ",食神归来2016,"马翼,钟思华"
"8,419次播放 ",欲蟒归来,"许喵喵,蒋德亮"
"8,403次播放 ",机器人帝国,"本·金斯利,吉莲·安德森"
"8,399次播放 ",皇室风流史,"麦斯·米科尔森,米克尔·福尔斯加德"
"8,389次播放 ",霹雳凤凰,"张睿羚,张丰毅"
"8,331次播放 ",赤道,"张学友,张家辉"
"8,323次播放 ",血滴子秘史,"王华,赵志刚"
"8,314次播放 ",我的野蛮女友,"车太贤,全智贤"
"8,294次播放 ",神话,"成龙,金喜善"
"8,291次播放 ",空袭德累斯顿,"费莉西塔斯·沃尔,约翰·莱特"
"8,284次播放 ",笑侠楚留香,"郭富城,邱淑贞"
"8,282次播放 ",出拳女郎,"都知嫄,孙贤周"
"8,185次播放 ",枪王,"张国荣,方中信"
"8,184次播放 ",少林寺,"李连杰,于海"
"8,170次播放 ",给爸爸的信,"李连杰,梅艳芳"
"8,169次播放 ",栀子花开,"李易峰,张慧雯"
"8,160次播放 ",艳战风云,"闫鹿杨,孟姿彤"
"8,145次播放 ",魔镜奇缘,"琪琪,王琪"
"8,137次播放 ",秘术,"安以轩,汪东城"
"8,135次播放 ",尸忆,"吴慷仁,谢欣颖"
"8,119次播放 ",睡美人,"艾米莉·布朗宁,蕾切尔·布雷克"
"8,116次播放 ",海底总动员,"艾伯特·布鲁克斯,艾伦·德詹尼丝"
"8,095次播放 ",暴力街区,"保罗·沃克,大卫·贝尔"
"8,095次播放 ",神秘世界历险记3,"刘校妤,孟泉霖"
"8,061次播放 ",精灵王座,"季冠霖,黄莺"
"8,046次播放 ",超时空救兵,"霍建华,景甜"
"8,019次播放 ",窃听风云3,"刘青云,古天乐"
"7,968次播放 ",命中注定,"汤唯,廖凡"
"7,967次播放 ",一曲倾情,"安妮·海瑟薇,约翰尼·弗林"
"7,967次播放 ",那件疯狂的小事叫爱情,"陈伟霆,唐艺昕"
"7,903次播放 ",猫和老鼠大电影,"理查德·坎德,Dana Hill"
"7,902次播放 ",的士速递4,"萨米·纳塞利,佛瑞德瑞克·迪分索"
"7,893次播放 ",猪猪侠之英雄猪少年,"易烊千玺,陈志荣"
"7,885次播放 ",阿诗玛,"杨丽坤,刘节"
"7,862次播放 ",铁男本色,"尹扬明,吴家丽"
"7,852次播放 ",普罗米修斯,"劳米·拉佩斯,迈克尔·法斯宾德"
"7,849次播放 ",寄生兽,"染谷将太,深津绘里"
"7,846次播放 ",凹凸少年派,"张珏,孙逊"
"7,820次播放 ",香港电影漫谈 第三季,黄舟翔
"7,818次播放 ",毒吻,"阎青妤,高明"
"7,800次播放 ",狂蟒之灾3,"大卫·哈塞尔霍夫,克莉丝朵·艾伦"
"7,771次播放 ",午夜黑车,"何佳伟,刘小乔"
"7,740次播放 ",喜羊羊与灰太狼之开心闯龙年,"祖晴,张琳"
"7,713次播放 ",蛇草莓,"宫迫博之,平泉成"
"7,693次播放 ",聚焦,"马克·鲁法洛,迈克尔·基顿"
"7,692次播放 ",太平轮·彼岸,"章子怡,金城武"
"7,680次播放 ",情剑,"谢霆锋,乔振宇"
"7,675次播放 ",骆驼蜘蛛,"C·托马斯·豪威尔,布赖恩·克劳斯"
"7,674次播放 ",新天龙八部之天山童姥,"林青霞,张敏"
"7,654次播放 ",恐龙,"D·B·斯威尼,阿尔法·沃德"
"7,651次播放 ",斯巴达300勇士,"杰拉德·巴特勒,琳娜·海蒂"
"7,633次播放 ",武林女大学生,"申敏儿,温朱万"
"7,612次播放 ",绣花鞋,"林心如,惠英红"
"7,593次播放 ",结婚前夜,"朱智勋,马东锡"
"7,560次播放 ",分歧者:异类觉醒,"谢琳·伍德蕾,提奥·詹姆斯"
"7,547次播放 ",大宅男,"萧敬腾,江疏影"
"7,524次播放 ",赛车总动员,"欧文·威尔逊,保罗·纽曼"
"7,522次播放 ",破风,"彭于晏,窦骁"
"7,519次播放 ",釜山行,"孔刘,郑裕美"
"7,513次播放 ",流氓师表,"张家辉,蒙嘉慧"
"7,506次播放 ",冷战,"任达华,钟丽缇"
"7,501次播放 ",古墓丽影2,"安吉丽娜·朱莉,杰拉德·巴特勒"
"7,484次播放 ",火卷风暴,"卡斯帕·凡·迪恩,Lisa Ciara"
"7,473次播放 ",枕边有张脸,"吴其江,赵仕瑾"
"7,451次播放 ",六弄咖啡馆,"董子健,颜卓灵"
"7,442次播放 ",特种部队,"黛安·克鲁格,杰曼·翰苏"
"7,405次播放 ",一路惊喜,"萧敬腾,赵丽颖"
"7,401次播放 ",尖峰时刻2,"成龙,克里斯·塔克"
"7,398次播放 ",魔翡翠,"刘德华,张敏"
"7,354次播放 ",人间蒸发,"柳岩,钟丽缇"
"7,350次播放 ",恋爱中的城市,"杨幂,郑开元"
"7,342次播放 ",黄色,"希瑟·沃奎斯特,西耶娜·米勒"
"7,339次播放 ",汽车人总动员,"刘馨萱,沈桦"
"7,302次播放 ",刑警兄弟,"黄宗泽,金刚"
"7,300次播放 ",少年班,"孙红雷,周冬雨"
"7,290次播放 ",越来越好之村晚,"郭富城,王宝强"
"7,277次播放 ",卑劣的街头,"赵寅成,千浩振"
"7,274次播放 ",小黄人大眼萌,"桑德拉·布洛克,史蒂夫·卡瑞尔"
"7,270次播放 ",女飞虎,"黄秋生,吴家丽"
"7,266次播放 ",地心历险记,"布兰登·弗雷泽,乔什·哈切森"
"7,231次播放 ",哈利·波特与密室,"丹尼尔·雷德克里夫,鲁伯特·格林特"
"7,225次播放 ",爱丽丝梦游仙境2:镜中奇遇记,"约翰尼·德普,安妮·海瑟薇"
"7,210次播放 ",美食总动员,"帕顿·奥斯瓦尔特,伊安·霍姆"
"7,206次播放 ",人蛇大战,"向云鹏,罗霈颖"
"7,198次播放 ",潜伏者,"布莱恩·科兰斯顿,黛安·克鲁格"
"7,195次播放 ",赌神,"周润发,刘德华"
"7,187次播放 ",逆风千里,"马奕,张子良"
"7,186次播放 ",名扬四海,"凯·帕娜贝克,娜图里·劳顿"
"7,176次播放 ",2012,"约翰·库萨克,切瓦特·埃加福特"
"7,155次播放 ",速度与激情7,"范·迪塞尔,道恩·强森"
"7,116次播放 ",战争之尘,"Steven Luke,Jordan McFadden"
"7,097次播放 ",下水井,"金赛纶,郑敬淏"
"7,074次播放 ",疯狂的少妇,"罗梓丹,曹玉峰"
"7,063次播放 ",半夜叫你别回头,"殷果儿,郭云奇"
"7,057次播放 ",激情过后,"梅兰尼·格里菲斯,帕特里克·斯威兹"
"7,039次播放 ",杀手之王,"李连杰,曾志伟"
"7,039次播放 ",灰姑娘3：魔法时刻,"弗兰克·维尔克,露西·泰勒"
"7,037次播放 ",车手,"黄秋生,余文乐"
"7,033次播放 ",旋风小子3:无敌反斗星,"释小龙,郝劭文"
"7,007次播放 ",跟踪追击,"林岚,林书锦"
"7,004次播放 ",致命黑兰,"佐伊·索尔达娜,詹迪·莫拉"
"7,004次播放 ",热爱,"郑民,吴秀敏"
"7,001次播放 ",泰国黑帮,"Somchai Kemglad,Krisada Sukosol Clapp"
"6,972次播放 ",爱情攻略,"刘心悠,周柏豪"
"6,965次播放 ",第1次 3,"邵桐,叶逢春"
"6,936次播放 ",凄灵室,"张一山,付枚"
"6,921次播放 ",汉江怪物,"宋康昊,裴斗娜"
"6,917次播放 ",我是女王,"宋慧乔,窦骁"
"6,911次播放 ",灰姑娘,"凯特·布兰切特,莉莉·詹姆斯"
"6,896次播放 ",铠甲勇士之捕王,"赖艺,王畅唱"
"6,891次播放 ",我是处女座,"安宰贤,安以轩"
"6,889次播放 ",弗兰肯斯坦的军队,"卡瑞尔·罗登,卢克·纽贝里"
"6,885次播放 ",惊急注射,"刘娇娇,洪浩"
"6,865次播放 ",邻家特工,"成龙,玛德琳·卡罗尔"
"6,847次播放 ",乘风破浪,"邓超,彭于晏"
"6,841次播放 ",我爱上了朋友的姐姐,"安在旭,金惠秀"
"6,841次播放 ",阴地,"萨哈拉·桑卡布理查,Piyatida Woramusik"
"6,832次播放 ",阿甘正传,"汤姆·汉克斯,罗宾·怀特"
"6,824次播放 ",黑社会之兄弟殊途,"王延龙,郝毅博"
"6,820次播放 ",长大成人,"吕丽萍,田壮壮"
"6,782次播放 ",电影头条脱口秀,杨腾
"6,777次播放 ",怒火救援,"丹泽尔·华盛顿,达科塔·范宁"
"6,770次播放 ",我的战争,"刘烨,王珞丹"
"6,741次播放 ",家有喜事,"张国荣,周星驰"
"6,713次播放 ",无籍者,"朱镇模,宋承宪"
"6,677次播放 ",铁血精英,"杰森·斯坦森,克里夫·欧文"
"6,672次播放 ",死侍,"瑞安·雷诺兹,莫瑞娜·巴卡琳"
"6,669次播放 ",重返地球,"贾登·史密斯,威尔·史密斯"
"6,667次播放 ",东京不热,"远藤新菜,蔡一凡"
"6,658次播放 ",笔仙惊魂3,"郭艳,余心恬"
"6,627次播放 ",何班主和他的情人,"李万年,陈剑月"
"6,618次播放 ",末日迷踪,"尼古拉斯·凯奇,查德·迈克尔·墨瑞"
"6,575次播放 ",我是谁2015,"王海祥,姚星彤"
"6,565次播放 ",玻璃樽,"成龙,舒淇"
"6,562次播放 ",道姑出山之人鬼情未了,"贾顺治,蓝颖"
"6,558次播放 ",我爱灰太狼,"王迅,黄小蕾"
"6,555次播放 ",凌晨三点,"阿萍雅·萨库尔·加伦苏,霍嘉丝·芝华顾"
"6,555次播放 ",愤怒的小孩,"王一鸣,肖逾榛"
"6,553次播放 ",终结者:创世纪,"阿诺·施瓦辛格,杰森·克拉克"
"6,550次播放 ",潜龙轰天,"史蒂文·席格,汤米·李·琼斯"
"6,539次播放 ",星球大战外传:侠盗一号,"菲丽希缇·琼斯,麦斯·米科尔森"
"6,533次播放 ",霸道总裁风流秘书,"萧赫,孙梦纯"
"6,524次播放 ",疯狂试爱2,"花儿,孔燕黎"
"6,520次播放 ",妻子的日记,"陈金洲,刘婉"
"6,519次播放 ",哈利·波特与魔法石,"丹尼尔·雷德克里夫,艾玛·沃森"
"6,516次播放 ",玩命快递2,"杰森·斯坦森,亚利桑德罗·加斯曼"
"6,501次播放 ",粉红佳人之致命情人,"朱佳希,王宇泽"
"6,488次播放 ",奥拉星:进击圣殿,"张安琪,张琦"
"6,483次播放 ",狄仁杰之神都龙王,"赵又廷,冯绍峰"
"6,478次播放 ",钢铁侠2,"小罗伯特·唐尼,格温妮丝·帕特洛"
"6,478次播放 ",你的名字,"神木隆之介,上白石萌音"
"6,474次播放 ",剩者为王,"舒淇,彭于晏"
"6,459次播放 ",大追捕,"张家辉,任达华"
"6,458次播放 ",喜羊羊与灰太狼之喜气羊羊过蛇年,"祖晴,张琳"
"6,455次播放 ",407航班,"玛莎·华顿娜柏妮,Peter Knight"
"6,455次播放 ",校花驾到之极品校花,"赵奕欢,姜潮"
"6,427次播放 ",雪国列车,"克里斯·埃文斯,宋康昊"
"6,421次播放 ",黑客帝国,"基努·里维斯,雨果·维文"
"6,411次播放 ",叶问:终极一战,"黄秋生,钟欣潼"
"6,407次播放 ",异形大战银河猎人,"威廉·凯特,黛迪·菲佛"
"6,403次播放 ",巴啦啦小魔仙之魔法的考验,"赵今麦,崔倓"
"6,400次播放 ",黑山阻击战,"张世凯,白平"
"6,394次播放 ",红色警戒999,"卡西·阿弗莱克,切瓦特·埃加福特"
"6,389次播放 ",怨灵,"洪秀儿,姜潮"
"6,387次播放 ",科摩多龙VS金刚巨蟒,"迈克尔·帕尔,米歇尔·波斯"
"6,377次播放 ",床下有人2,"殷果儿,李鹤楠"
"6,377次播放 ",钢刀,"何润东,李东学"
"6,374次播放 ",所以和黑粉结婚了,"朴灿烈,袁姗姗"
"6,372次播放 ",异种,"刘青,周浩东"
"6,352次播放 ",洛杉矶之战,"Reggie Bannister,普瑞斯西拉·巴恩斯"
"6,351次播放 ",逃学威龙3之龙过鸡年,"周星驰,梅艳芳"
"6,350次播放 ",玩命快递,"杰森·斯坦森,舒淇"
"6,347次播放 ",魔镜,"李彩英,金恩圣"
"6,342次播放 ",速度与激情8,"范·迪塞尔,杰森·斯坦森"
"6,320次播放 ",巴霍巴利王:开端,"普拉哈斯,Rana Daggubati"
"6,295次播放 ",我是路人甲,"万国鹏,王婷"
"6,290次播放 ",夜孔雀,"刘亦菲,刘烨"
"6,283次播放 ",珍宝大战,"马克-保罗·戈塞拉,布鲁斯·威利斯"
"6,255次播放 ",滚蛋吧!肿瘤君,"白百何,吴彦祖"
"6,238次播放 ",触目惊心,"任达华,周海媚"
"6,232次播放 ",闪电狗,"约翰·特拉沃尔塔,麦莉·赛勒斯"
"6,220次播放 ",灰姑娘2,"珍妮弗·黑尔,克里斯托夫·丹尼尔·巴恩斯"
"6,204次播放 ",杀手乔,"马修·麦康纳,埃米尔·赫斯基"
"6,192次播放 ",僵尸鬼王,"吴丹,方言"
"6,179次播放 ",冬荫功2:拳霸天下,"托尼·贾,罗伯特·菲茨杰拉德·迪格斯"
"6,148次播放 ",蜘蛛侠3,"托比·马奎尔,克尔斯滕·邓斯特"
"6,122次播放 ",六福喜事,"黄百鸣,吴君如"
"6,121次播放 ",骇故事之生死翡翠湖,"李京沐,朱名愚"
"6,117次播放 ",铁甲钢拳,"休·杰克曼,达科塔·高尤"
"6,110次播放 ",白雪公主之神秘爸爸,"阎萌萌,高明钰"
"6,104次播放 ",糖果世界大冒险,"张安琪,李正翔"
"6,100次播放 ",笔仙3,"江一燕,焦俊艳"
"6,099次播放 ",吉星高照2015,"曾志伟,王祖蓝"
"6,092次播放 ",女神陷阱,"琳达·哈蒂,托马斯·克莱舒曼"
"6,077次播放 ",飓风营救3,"连姆·尼森,福里斯特·惠特克"
"6,036次播放 ",诡爱,"辛芷蕾,成毅"
"6,032次播放 ",那天的氛围,"柳演锡,文彩元"
"6,019次播放 ",疯狂的明星,"艺智苑,林元熙"
"6,005次播放 ",荒村客栈,"关智斌,薛山"
"5,977次播放 ",龙争虎斗,"李小龙,石坚"
"5,975次播放 ",赌神风云,"沙鹰,唐骏"
"5,968次播放 ",狂蟒天灾,"迈克尔·山克斯,Siri Baruc"
"5,966次播放 ",疯狂愚蠢的爱,"史蒂夫·卡瑞尔,瑞恩·高斯林"
"5,965次播放 ",名剑风流,"王冠雄,于珊"
"5,962次播放 ",无敌英雄,"张晋,蔡少芬"
"5,961次播放 ",桂宝之爆笑闯宇宙,"王云飞,杨天翔"
"5,947次播放 ",师父条炼,"吕良伟,李国麟"
"5,936次播放 ",霸道总裁与乡村女教师,"陈凯翔,柏坤"
"5,928次播放 ",猩球崛起2:黎明之战,"安迪·瑟金斯,杰森·克拉克"
"5,924次播放 ",血仍是冷,"吴家丽,于荣光"
"5,890次播放 ",血色战役,"Jonathan Emerson,Nicholas Cascone"
"5,885次播放 ",鼠来宝2:明星俱乐部,"扎克瑞·莱维,大卫·克洛斯"
"5,864次播放 ",台北夜蒲团团转,"关楚耀,陆永"
"5,846次播放 ",擦枪走火,"喻恩泰,倪虹洁"
"5,843次播放 ",欢乐好声音,"斯嘉丽·约翰逊,塔伦·埃格顿"
"5,835次播放 ",空难,"梅雷迪斯·巴克斯特,林赛·麦基恩"
"5,807次播放 ",了不起的咔嚓,"刘牧梅,戴路"
"5,798次播放 ",赌神3之少年赌神,"黎明,袁咏仪"
"5,764次播放 ",赤壁(上),"梁朝伟,金城武"
"5,760次播放 ",杀人漫画,"严基俊,李诗英"
"5,758次播放 ",猛鬼狐狸精,"吴君如,王玉环"
"5,757次播放 ",美国队长2:寒冬战士,"克里斯·埃文斯,斯嘉丽·约翰逊"
"5,755次播放 ",碧玉簪,"钱妙花,周宝奎"
"5,750次播放 ",钢铁侠,"小罗伯特·唐尼,泰伦斯·霍华德"
"5,745次播放 ",摩天大楼,"汤姆·希德勒斯顿,杰瑞米·艾恩斯"
"5,745次播放 ",分歧者3:忠诚世界,"谢琳·伍德蕾,提奥·詹姆斯"
"5,736次播放 ",万有引力,"莫文蔚,张静初"
"5,731次播放 ",暴疯语,"刘青云,黄晓明"
"5,724次播放 ",红色娘子军,"向梅,祝希娟"
"5,705次播放 ",宝贝当家,"王诗龄,吴镇宇"
"5,699次播放 ",毒战,"孙红雷,古天乐"
,电影纵贯线第二季,
"5,692次播放 ",血胎换骨,"陶大宇,李璨琛"
"5,667次播放 ",异变尸村,"孙渤洋,张也"
"5,665次播放 ",检察官外传,"黄政民,姜栋元"
"5,630次播放 ",双面劳伦斯,"梅尔维尔·珀波,苏珊妮·克莱门特"
"5,618次播放 ",圣战士3,"K. Danor Gerald,Adam Gregory"
"5,617次播放 ",生死狙击,"马克·沃尔伯格,迈克尔·佩纳"
"5,614次播放 ",天龙八部,"徐少强,汤镇业"
"5,614次播放 ",雾都茫茫,"颜世魁,庞敏"
"5,610次播放 ",前任2:备胎反击战,"郑恺,郭采洁"
"5,602次播放 ",富春山居图,"刘德华,佟大为"
"5,597次播放 ",小美人鱼,"雷内·奥博诺伊斯,克里斯托夫·丹尼尔·巴恩斯"
"5,590次播放 ",赛尔号大电影3之战神联盟,"杨欧,张安琪"
"5,589次播放 ",通灵神探,"安东尼·霍普金斯,杰弗里·迪恩·摩根"
"5,581次播放 ",逃学威龙2,"周星驰,张敏"
"5,576次播放 ",黑夜传说2:进化,"凯特·贝金赛尔,斯科特·斯比德曼"
"5,572次播放 ",浴血华沙,"马克思·雷迈特,乔瑟夫.帕夫洛夫斯基"
"5,565次播放 ",泡王2,"钱肖依,宋文佳"
"5,548次播放 ",武士,"郑雨盛,安圣基"
"5,543次播放 ",华颐:吞噬怪物的孩子,"吕珍九,金允石"
"5,538次播放 ",午夜梦魇之鬼网红,"孔莹虹,张博楠"
"5,530次播放 ",暮光之城4:破晓上,"克里斯汀·斯图尔特,罗伯特·帕丁森"
"5,517次播放 ",呆呆计划,"陈小春,邓家佳"
"5,509次播放 ",我的机器人女友,"绫濑遥,小出惠介"
"5,500次播放 ",赌侠大战拉斯维加斯,"刘德华,陈百祥"
"5,498次播放 ",终极斗士,"韦斯利·斯奈普斯,文·瑞姆斯"
"5,498次播放 ",异度空间,"张国荣,林嘉欣"
"5,497次播放 ",爸爸去哪儿,"小小志,田雨橙"
"5,495次播放 ",别碰我,"佩内洛普·克鲁兹,塞吉·卡斯特里图"
"5,493次播放 ",朋友2,"刘五性,金宇彬"
"5,483次播放 ",打雀英雄传,"陈小春,李彩桦"
"5,476次播放 ",致命诱惑,"张晓旭,曾俊雄"
"5,464次播放 ",狙击时刻,"宋洋,杨钧丞"
"5,453次播放 ",无人看护,"布里特·马灵,海莉·斯坦菲尔德"
"5,446次播放 ",骸骨,"格兰特·鲍尔,Evalena Marie"
"5,442次播放 ",中国龙,"释小龙,郝劭文"
"5,439次播放 ",招待,"艺智苑,崔佑在"
"5,438次播放 ",血域燃烧,"吉娜·卡拉诺,凯姆·吉甘戴"
"5,437次播放 ",红番区,"成龙,梅艳芳"
"5,437次播放 ",玩命游戏,"吴子梵,王歆然"
"5,425次播放 ",穿靴子的猫,"安东尼奥·班德拉斯,萨尔玛·海耶克"
"5,414次播放 ",英雄本色,"狄龙,周润发"
,猪猪侠之囧囧危机,
"5,396次播放 ",恶胎,"周秀娜,吕慧仪"
"5,395次播放 ",烈日灼心,"邓超,段奕宏"
"5,393次播放 ",凌晨三点2,"雷·麦克唐纳,萨瓦特·博拉娜波拉特"
"5,387次播放 ",黑拳,"吴京,郑中基"
"5,375次播放 ",单刀直入,"范·迪塞尔,拉伦兹·泰特"
"5,366次播放 ",雀圣之脱线女神,"翟圆圆,张志豪"
"5,364次播放 ",心火,"何塞·卡罗纳多,Aida Folch"
"5,348次播放 ",请你闭嘴,"杰拉尔·德帕迪约,让·雷诺"
"5,344次播放 ",三进山城,"梁音,石天"
